[
   {
      "title":"Visualization Narrative",
      "questions":[
         {
            "title":"Choice of Visualization",
            "description":"Was a good choice of accurate and informative visualization used?",
            "options":[
               {"description":"No Description"},
               {"description":"Incomplete"},
                   {"description":"Complete or Self-Explanatory"}
            ],
            "comment":{
                "text":""
            }
         }
      ]
   },
   {
      "title":"Design Considerations",
      "questions":[
         {
            "title":"Clear, Detailed, and Thorough Labeling",
            "description":"Is appropriate and complete labeling used throughout or do missing labels require assumptions about the data?",
            "options":[
                {"description":"No labels"},
                {"description":"Some Missing labels"},
                {"description":"Completely labeled"}
            ],
            "comment":{
                "text":""
            }
         },
         {
            "title":"Missing Scales",
            "description":"Are scales provided for the data?",
            "options":[
                {"description":"No Scales"},
                {"description":"Some Missing Scales"},
                {"description":"All Scales Present"}
            ],
            "comment":{
                "text":""
            }
         },
         {
            "title":"Missing Legend",
            "description":"Is a legend provided for the data? Does the legend provide useful information?",
            "options":[
                {"description":"No Legend"},
                {"description":"Incomplete Legend"},
                {"description":"Complete Legend"}
            ],
            "comment":{
                "text":""
            }
         },
         {
            "title":"Scale Distortion",
            "description":"Is any scale distortion or deception used in the visualization?",
            "options":[
                {"description":"Severe Distortion"},
                {"description":"Minor Distortion"},
                {"description":"No Distortion"}
            ],
            "comment":{
                "text":""
            }
         },
         {
            "title":"Lie Factor",
            "description":"Is there any lie factor? How extreme is the lie factor?",
            "options":[
                {"description":"Major Lie"},
                {"description":"Minor Lie"},
                {"description":"No Lie"}
            ],
            "comment":{
                "text":""
            }
         },
         {
            "title":"Data/Ink Ratio",
            "description":"Is the data to ink ratio reasonable? Could it be more efficient?",
            "options":[
                {"description":"Way Too Little"},
                {"description":"Slightly Too Little"},
                {"description":"Perfect Amount of Ink"},
                {"description":"Slightly Too Much Ink"},
                {"description":"Way Too Much Ink"}
            ],
            "comment":{
                "text":""
            }
         },
         {
            "title":"Chart Junk, Embellishments, Aesthetics",
            "description":"Are appropriate embellishments used? Are the embellishments distracting? Do the embellishments add to the visualization?",
            "options":[
                {"description":"Way Too Few"},
                {"description":"A Bit Too Few"},
                {"description":"Perfect Number of Embellishments"},
                {"description":"A Bit Many Embellishments"},
                {"description":"Way Too Many Embellishments"}
            ],
            "comment":{
                "text":""
            }
         },
         {
            "title":"Data Density",
            "description":"Has too much data been included in the visualization making interpretation difficult? ",
            "options":[
                {"description":"Too Sparse"},
                {"description":"Expected"},
                {"description":"Too Dense"}
            ],
            "comment":{
                "text":""
            }
         },
         {
            "title":"Task Selection",
            "description":"Does the visualization enable appropriate visual analysis tasks for the data type and/or dataset?",
            "options":[
                {"description":"Unclear Task Selection"},
                {"description":"Some Tasks Missing"},
                {"description":"Wide Range of Task Support"}
            ],
            "comment":{
                "text":""
            }
         }
      ]
   }
]
