[
   {
      "title":"Visualization Narrative",
      "questions":[
          {
             "title":"Choice of Visualization",
             "description":"Was a good choice of accurate and informative visualization used?",
             "options":[
                {"description":"No Description"},
                {"description":"Incomplete"},
                    {"description":"Complete or Self-Explanatory"}
             ],
             "comment":{
                 "text":""
             }
          },
          {
             "title":"Visualization Questions",
             "description":"What 3 questions do you think the visualizations are trying to answer?",
             "comment":{
                 "text":""
             }
          }
      ]
   },
   {
      "title":"Design Considerations",
      "questions":[
         {
            "title":"Clear, Detailed, and Thorough Labeling",
            "description":"Is appropriate and complete labeling used throughout or do missing labels require assumptions about the data?",
            "options":[
                {"description":"No labels"},
                {"description":"Some Missing labels"},
                {"description":"Completely labeled"}
            ],
            "comment":{
                "text":""
            }
         },
         {
            "title":"Missing Scales",
            "description":"Are scales provided for the data?",
            "options":[
                {"description":"No Scales"},
                {"description":"Some Missing Scales"},
                {"description":"All Scales Present"}
            ],
            "comment":{
                "text":""
            }
         },
         {
            "title":"Missing Legend",
            "description":"Is a legend provided for the data? Does the legend provide useful information?",
            "options":[
                {"description":"No Legend"},
                {"description":"Incomplete Legend"},
                {"description":"Complete Legend"}
            ],
            "comment":{
                "text":""
            }
         },
         {
            "title":"Data Density",
            "description":"Has too much data been included in the visualization making interpretation difficult? ",
            "options":[
                {"description":"Too Sparse"},
                {"description":"Expected"},
                {"description":"Too Dense"}
            ],
            "comment":{
                "text":""
            }
         }
      ]
   },
   {
      "title":"Additional Comments",
      "questions":[
          {
             "title":"Additional Comments",
             "description":"If you have any additional comments, please add them here",
             "comment":{
                 "text":""
             }
          }
      ]
   }
]
