Student,ID,SIS User ID,SIS Login ID,Section,project2_submission
"Adorno Nieves, Juan",4479167,U39953382,jma1,CAP5745.001S21.26117 Interactive Data Visualization,jadorno18
"Adorno Nieves, Julio",4479065,U34617307,jma29,CAP5745.001S21.26117 Interactive Data Visualization,Deltafire29
"Baldeo, Suraj",4130606,U43952111,surajbaldeo,CAP4744.001S21.26116 Interactive Data Visualization,surajbaldeo
"Barua, Ashik",4243674,U67529160,ashikbarua,CAP5745.001S21.26117 Interactive Data Visualization,ashikbarua
"Basta, Aaron",4136459,U60700799,abasta2,CAP4744.001S21.26116 Interactive Data Visualization,aaron-basta
"Bayatpoor, Ali",4255567,U70400798,bayatpoora,CAP4744.001S21.26116 Interactive Data Visualization,alizbay94
"Briggs, Brian",4199766,U55125836,brianbriggs,CAP4744.001S21.26116 Interactive Data Visualization,Brian1591
"Brown, Tyler",4145990,U47820527,tjbrown7,CAP4744.001S21.26116 Interactive Data Visualization,TurnTableTyler
"Carpenter, Sarah",4249475,U72552665,scarpenter2,CAP4744.001S21.26116 Interactive Data Visualization,scarpenter62
"Chima, Uchenna",4053020,U40140602,ifeanyi1,CAP4744.001S21.26116 Interactive Data Visualization,Ifychim
"Elhamdadi, Hamza",4024902,U49185925,hme1,CAP5745.001S21.26117 Interactive Data Visualization,irishlad98
"Elrod, Elijah",4163953,U74188667,elijahelrod,CAP5745.001S21.26117 Interactive Data Visualization,ElijahElrod
"Fetisov, Nikolai",3939130,U07648521,nfetisov,CAP5745.001S21.26117 Interactive Data Visualization,nfetisov-usf
"Fields, Lindsay",3944668,U70388861,ldfields,CAP5745.001S21.26117 Interactive Data Visualization,lfields1993
"Galue Colmenares, Karla",4215996,U30606681,karlag1,CAP4744.001S21.26116 Interactive Data Visualization,
"Gera, Parush",4202500,U16784438,parush,CAP5745.001S21.26117 Interactive Data Visualization,parushgera
"Goodwin, Curtis",4169189,U86353438,cgoodwin2,CAP4744.001S21.26116 Interactive Data Visualization,cgoodwin117
"Gurvis, Grant",4218711,U21785564,ggurvis,CAP4744.001S21.26116 Interactive Data Visualization,grant0417
"Hatcher, David",4211372,U74842093,dhatcher1,CAP4744.001S21.26116 Interactive Data Visualization,David-Hatcher
"Huq, Khandaker",4336219,U49308940,kthuq,CAP5745.001S21.26117 Interactive Data Visualization,swadtasnim
"Jagadesh, Madhumithaa",4217789,U52500240,mjagadesh,CAP4744.001S21.26116 Interactive Data Visualization,mjagadesh19
"Jamai, Aidan",4154272,U81002749,aidanjamai,CAP4744.001S21.26116 Interactive Data Visualization,aidansjamai
"Keller, Myles",4086730,U85716676,myleskeller,CAP5745.001S21.26117 Interactive Data Visualization,myleskeller
"Keshavarz, Seyedmahmoudreza",4161186,U59455728,keshavarz,CAP5745.001S21.26117 Interactive Data Visualization,imankeshavarz
"Kummamuru, Sri Sai Sundaraabhishikth",4414269,U58636596,kummamuru,CAP5745.001S21.26117 Interactive Data Visualization,abhi29-xd
"Laishley, Bradley",4127942,U67652289,laishleyb,CAP4744.001S21.26116 Interactive Data Visualization,BradLaishley
"Long, Anthony",4034979,U53579009,anthonylong,CAP5745.001S21.26117 Interactive Data Visualization,AnthonyCLong
"Marcouiller, Brandon",4003310,U28887050,bmarcouiller,CAP4744.001S21.26116 Interactive Data Visualization,
"Mazzaro, James",4316281,U81165690,jmazzaro,CAP4744.001S21.26116 Interactive Data Visualization,JMazzaro256
"Moomtaheen, Fariha",4236072,U30536417,fmoomtaheen,CAP5745.001S21.26117 Interactive Data Visualization,FarihaUpoma
"Nagi, Ayman",4027970,U93216017,anagi,CAP4744.001S21.26116 Interactive Data Visualization,anagi2597
"Nandigama, Sai Pavan",4331823,U51692743,nandigama,CAP5745.001S21.26117 Interactive Data Visualization,saipavannandigama129
"Ng Lugo, Kin",4036044,U32254041,kinwaing,CAP5745.001S21.26117 Interactive Data Visualization,kinwaing
"Patel, Nikhilkumar",4249852,U46557099,npatel385,CAP4744.001S21.26116 Interactive Data Visualization,PatelNikhil08
"Poluparti, Lahari",4216851,U46933039,laharip,CAP4744.001S21.26116 Interactive Data Visualization,LahariPoluparti
"Proma, Rifat Ara",4482471,U53685245,proma,CAP5745.001S21.26117 Interactive Data Visualization,RifatAraProma
"Richardson, Elijah",4166259,U28023596,richardson14,CAP4744.001S21.26116 Interactive Data Visualization,EliX75
"Singh, Akash",4077268,U39570416,akashsingh,CAP4744.001S21.26116 Interactive Data Visualization,Akashssingh
"Sumpter, Matthew",4245789,U78935099,mjsumpter,CAP5745.001S21.26117 Interactive Data Visualization,mjsumpter
"Thompson, Khalani",3899513,U30169766,khalani,CAP4744.001S21.26116 Interactive Data Visualization,khalani12
"Truong, Tommy",4035032,U08939516,ttruong,CAP5745.001S21.26117 Interactive Data Visualization,outegrals
"Veale, Daniel",4219484,U84698012,dveale,CAP4744.001S21.26116 Interactive Data Visualization,vealechop
"Zbuchalski, Hannah",4147171,U15296256,hzbuchalski,CAP4744.001S21.26116 Interactive Data Visualization,
"Zhao, xunxun",4234534,U73074578,zhaozzx,CAP4744.001S21.26116 Interactive Data Visualization,bigproject