[
  {
    "taskid": "llpwqbxbiafxeine",
    "reviewer": "jma1",
    "creator": "myleskeller",
    "project": "project1",
    "submission": "kellermyles_4086730_link.html",
    "status": "todo"
  },
  {
    "taskid": "slfqtltjunebapqk",
    "reviewer": "jma1",
    "creator": "hme1",
    "project": "project1",
    "submission": "elhamdadihamza_4024902_link.html",
    "status": "todo"
  },
  {
    "taskid": "zfklzovajrmetcym",
    "reviewer": "jma1",
    "creator": "jmazzaro",
    "project": "project1",
    "submission": "mazzarojames_4316281_link.html",
    "status": "todo"
  },
  {
    "taskid": "drqqvjrvkzbzeoui",
    "reviewer": "jma29",
    "creator": "nandigama",
    "project": "project1",
    "submission": "nandigamasaipavan_4331823_link.html",
    "status": "todo"
  },
  {
    "taskid": "rfdcdxujtnlclkcj",
    "reviewer": "jma29",
    "creator": "brianbriggs",
    "project": "project1",
    "submission": "briggsbrian_4199766_link.html",
    "status": "todo"
  },
  {
    "taskid": "rvauqkpkbshpurdl",
    "reviewer": "jma29",
    "creator": "scarpenter2",
    "project": "project1",
    "submission": "carpentersarah_4249475_link.html",
    "status": "todo"
  },
  {
    "taskid": "ktbuxezbrkejsqbj",
    "reviewer": "surajbaldeo",
    "creator": "laishleyb",
    "project": "project1",
    "submission": "laishleybradley_4127942_link.html",
    "status": "todo"
  },
  {
    "taskid": "edfbdtoriqtmniza",
    "reviewer": "surajbaldeo",
    "creator": "ifeanyi1",
    "project": "project1",
    "submission": "chimauchenna_4053020_link.html",
    "status": "todo"
  },
  {
    "taskid": "ahfkeugpltoeixxd",
    "reviewer": "surajbaldeo",
    "creator": "scarpenter2",
    "project": "project1",
    "submission": "carpentersarah_4249475_link.html",
    "status": "todo"
  },
  {
    "taskid": "heskwkpggbdjufyx",
    "reviewer": "ashikbarua",
    "creator": "npatel385",
    "project": "project1",
    "submission": "patelnikhilkumar_4249852_link.html",
    "status": "todo"
  },
  {
    "taskid": "joklulfguhwxoycr",
    "reviewer": "ashikbarua",
    "creator": "jmazzaro",
    "project": "project1",
    "submission": "mazzarojames_4316281_link.html",
    "status": "todo"
  },
  {
    "taskid": "convqyjdhhaxlauf",
    "reviewer": "ashikbarua",
    "creator": "kinwaing",
    "project": "project1",
    "submission": "nglugokin_4036044_link.html",
    "status": "todo"
  },
  {
    "taskid": "heuqkaxihbecnjmw",
    "reviewer": "abasta2",
    "creator": "laishleyb",
    "project": "project1",
    "submission": "laishleybradley_4127942_link.html",
    "status": "todo"
  },
  {
    "taskid": "uqlnazbiutcfkdqc",
    "reviewer": "abasta2",
    "creator": "npatel385",
    "project": "project1",
    "submission": "patelnikhilkumar_4249852_link.html",
    "status": "todo"
  },
  {
    "taskid": "nvtlgmgixgphhwyd",
    "reviewer": "abasta2",
    "creator": "keshavarz",
    "project": "project1",
    "submission": "keshavarzseyedmahmoudreza_4161186_link.html",
    "status": "todo"
  },
  {
    "taskid": "kwdpwjqvkovazemc",
    "reviewer": "bayatpoora",
    "creator": "dveale",
    "project": "project1",
    "submission": "vealedaniel_4219484_link.html",
    "status": "todo"
  },
  {
    "taskid": "hkkgsrrzajrrpxon",
    "reviewer": "bayatpoora",
    "creator": "bmarcouiller",
    "project": "project1",
    "submission": "marcouillerbrandon_4003310_link.html",
    "status": "todo"
  },
  {
    "taskid": "yhmbbgwdzpniegds",
    "reviewer": "bayatpoora",
    "creator": "myleskeller",
    "project": "project1",
    "submission": "kellermyles_4086730_link.html",
    "status": "todo"
  },
  {
    "taskid": "yiyltksavkunkuhc",
    "reviewer": "brianbriggs",
    "creator": "ldfields",
    "project": "project1",
    "submission": "fieldslindsay_3944668_link.html",
    "status": "todo"
  },
  {
    "taskid": "lmhlfdcqlfywiibc",
    "reviewer": "brianbriggs",
    "creator": "abasta2",
    "project": "project1",
    "submission": "bastaaaron_4136459_link.html",
    "status": "todo"
  },
  {
    "taskid": "fvzrsnagkteipswk",
    "reviewer": "brianbriggs",
    "creator": "mjsumpter",
    "project": "project1",
    "submission": "sumptermatthew_4245789_link.html",
    "status": "todo"
  },
  {
    "taskid": "pbuejblabplcyeyk",
    "reviewer": "tjbrown7",
    "creator": "ifeanyi1",
    "project": "project1",
    "submission": "chimauchenna_4053020_link.html",
    "status": "todo"
  },
  {
    "taskid": "zdusgdtiwacqdkvt",
    "reviewer": "tjbrown7",
    "creator": "aidanjamai",
    "project": "project1",
    "submission": "jamaiaidan_4154272_link.html",
    "status": "todo"
  },
  {
    "taskid": "yfceuzadhvazqmfl",
    "reviewer": "tjbrown7",
    "creator": "jma1",
    "project": "project1",
    "submission": "adornonievesjuan_4479167_link.html",
    "status": "todo"
  },
  {
    "taskid": "hsdhtwocgzrxtjqw",
    "reviewer": "scarpenter2",
    "creator": "keshavarz",
    "project": "project1",
    "submission": "keshavarzseyedmahmoudreza_4161186_link.html",
    "status": "todo"
  },
  {
    "taskid": "vljjkjxauisbucdl",
    "reviewer": "scarpenter2",
    "creator": "elijahelrod",
    "project": "project1",
    "submission": "elrodelijah_4163953_link.html",
    "status": "todo"
  },
  {
    "taskid": "gtqmnyocifzkkhxp",
    "reviewer": "scarpenter2",
    "creator": "jma29",
    "project": "project1",
    "submission": "adornonievesjulio_4479065_link.html",
    "status": "todo"
  },
  {
    "taskid": "derdacbtnfbaugtv",
    "reviewer": "ifeanyi1",
    "creator": "tjbrown7",
    "project": "project1",
    "submission": "browntyler_4145990_link.html",
    "status": "todo"
  },
  {
    "taskid": "saclyscrgcsjqwcz",
    "reviewer": "ifeanyi1",
    "creator": "npatel385",
    "project": "project1",
    "submission": "patelnikhilkumar_4249852_link.html",
    "status": "todo"
  },
  {
    "taskid": "wyenlurpdpihgfuj",
    "reviewer": "ifeanyi1",
    "creator": "karlag1",
    "project": "project1",
    "submission": "galuecolmenareskarla_4215996_link.html",
    "status": "todo"
  },
  {
    "taskid": "xcvledhgpynmxark",
    "reviewer": "hme1",
    "creator": "khalani",
    "project": "project1",
    "submission": "thompsonkhalani_3899513_link.html",
    "status": "todo"
  },
  {
    "taskid": "skybhswpmjobqxsg",
    "reviewer": "hme1",
    "creator": "bmarcouiller",
    "project": "project1",
    "submission": "marcouillerbrandon_4003310_link.html",
    "status": "todo"
  },
  {
    "taskid": "pnqbucsktfqbevrq",
    "reviewer": "hme1",
    "creator": "kummamuru",
    "project": "project1",
    "submission": "kummamurusrisaisundaraabhishikth_4414269_link.html",
    "status": "todo"
  },
  {
    "taskid": "zgkjimjlemscctdf",
    "reviewer": "elijahelrod",
    "creator": "richardson14",
    "project": "project1",
    "submission": "richardsonelijah_4166259_link.html",
    "status": "todo"
  },
  {
    "taskid": "jstfijzdguddnggn",
    "reviewer": "elijahelrod",
    "creator": "dveale",
    "project": "project1",
    "submission": "vealedaniel_4219484_link.html",
    "status": "todo"
  },
  {
    "taskid": "stsfimnhbhxsdrlu",
    "reviewer": "elijahelrod",
    "creator": "karlag1",
    "project": "project1",
    "submission": "galuecolmenareskarla_4215996_link.html",
    "status": "todo"
  },
  {
    "taskid": "irxordwojjrrffhk",
    "reviewer": "nfetisov",
    "creator": "ldfields",
    "project": "project1",
    "submission": "fieldslindsay_3944668_link.html",
    "status": "todo"
  },
  {
    "taskid": "xdifyrgywsimdysc",
    "reviewer": "nfetisov",
    "creator": "mjagadesh",
    "project": "project1",
    "submission": "jagadeshmadhumithaa_4217789_link.html",
    "status": "todo"
  },
  {
    "taskid": "zlleiijcjxfpmuue",
    "reviewer": "nfetisov",
    "creator": "proma",
    "project": "project1",
    "submission": "promarifatara_4482471_link.html",
    "status": "todo"
  },
  {
    "taskid": "vvgdyhigfnwcxgzk",
    "reviewer": "ldfields",
    "creator": "anagi",
    "project": "project1",
    "submission": "nagiayman_4027970_link.html",
    "status": "todo"
  },
  {
    "taskid": "nyziuipsoopwxvph",
    "reviewer": "ldfields",
    "creator": "jma29",
    "project": "project1",
    "submission": "adornonievesjulio_4479065_link.html",
    "status": "todo"
  },
  {
    "taskid": "cbkdlaspcsoliihp",
    "reviewer": "ldfields",
    "creator": "hzbuchalski",
    "project": "project1",
    "submission": "zbuchalskihannah_4147171_link.html",
    "status": "todo"
  },
  {
    "taskid": "odwsoxflqmqqpgwd",
    "reviewer": "karlag1",
    "creator": "kthuq",
    "project": "project1",
    "submission": "huqkhandaker_4336219_link.html",
    "status": "todo"
  },
  {
    "taskid": "jrhhbudqwieexjmy",
    "reviewer": "karlag1",
    "creator": "hzbuchalski",
    "project": "project1",
    "submission": "zbuchalskihannah_4147171_link.html",
    "status": "todo"
  },
  {
    "taskid": "usdvnqxwsxbhjnyi",
    "reviewer": "karlag1",
    "creator": "nfetisov",
    "project": "project1",
    "submission": "fetisovnikolai_3939130_link.html",
    "status": "todo"
  },
  {
    "taskid": "yelqgofskiditecx",
    "reviewer": "parush",
    "creator": "bayatpoora",
    "project": "project1",
    "submission": "bayatpoorali_4255567_link.html",
    "status": "todo"
  },
  {
    "taskid": "kefhlaqtwovjuqup",
    "reviewer": "parush",
    "creator": "hzbuchalski",
    "project": "project1",
    "submission": "zbuchalskihannah_4147171_link.html",
    "status": "todo"
  },
  {
    "taskid": "pezkofbthxsdqdkq",
    "reviewer": "parush",
    "creator": "richardson14",
    "project": "project1",
    "submission": "richardsonelijah_4166259_link.html",
    "status": "todo"
  },
  {
    "taskid": "ehfkedtbmeaihabg",
    "reviewer": "cgoodwin2",
    "creator": "anagi",
    "project": "project1",
    "submission": "nagiayman_4027970_link.html",
    "status": "todo"
  },
  {
    "taskid": "unfhlgsdapwkwbdp",
    "reviewer": "cgoodwin2",
    "creator": "brianbriggs",
    "project": "project1",
    "submission": "briggsbrian_4199766_link.html",
    "status": "todo"
  },
  {
    "taskid": "ittesimyxqukviha",
    "reviewer": "cgoodwin2",
    "creator": "laishleyb",
    "project": "project1",
    "submission": "laishleybradley_4127942_link.html",
    "status": "todo"
  },
  {
    "taskid": "dtlgctofmxapvwzg",
    "reviewer": "ggurvis",
    "creator": "dveale",
    "project": "project1",
    "submission": "vealedaniel_4219484_link.html",
    "status": "todo"
  },
  {
    "taskid": "gjcbqthqitzdpqlp",
    "reviewer": "ggurvis",
    "creator": "bmarcouiller",
    "project": "project1",
    "submission": "marcouillerbrandon_4003310_link.html",
    "status": "todo"
  },
  {
    "taskid": "daohbukepcakeubj",
    "reviewer": "ggurvis",
    "creator": "khalani",
    "project": "project1",
    "submission": "thompsonkhalani_3899513_link.html",
    "status": "todo"
  },
  {
    "taskid": "wsdzjonjbwqaphgl",
    "reviewer": "dhatcher1",
    "creator": "nandigama",
    "project": "project1",
    "submission": "nandigamasaipavan_4331823_link.html",
    "status": "todo"
  },
  {
    "taskid": "rtcwfhpmbllvnrww",
    "reviewer": "dhatcher1",
    "creator": "kthuq",
    "project": "project1",
    "submission": "huqkhandaker_4336219_link.html",
    "status": "todo"
  },
  {
    "taskid": "ydnekshvsodrwouo",
    "reviewer": "dhatcher1",
    "creator": "jmazzaro",
    "project": "project1",
    "submission": "mazzarojames_4316281_link.html",
    "status": "todo"
  },
  {
    "taskid": "mazfkaapxcofxyxf",
    "reviewer": "kthuq",
    "creator": "khalani",
    "project": "project1",
    "submission": "thompsonkhalani_3899513_link.html",
    "status": "todo"
  },
  {
    "taskid": "pabcmvtgyabztdup",
    "reviewer": "kthuq",
    "creator": "myleskeller",
    "project": "project1",
    "submission": "kellermyles_4086730_link.html",
    "status": "todo"
  },
  {
    "taskid": "zidysmjubyqjtvum",
    "reviewer": "kthuq",
    "creator": "fmoomtaheen",
    "project": "project1",
    "submission": "moomtaheenfariha_4236072_link.html",
    "status": "todo"
  },
  {
    "taskid": "vyprrgpcsuzsedro",
    "reviewer": "mjagadesh",
    "creator": "dhatcher1",
    "project": "project1",
    "submission": "hatcherdavid_4211372_link.html",
    "status": "todo"
  },
  {
    "taskid": "ajflmfghwuscamqk",
    "reviewer": "mjagadesh",
    "creator": "ttruong",
    "project": "project1",
    "submission": "truongtommy_4035032_link.html",
    "status": "todo"
  },
  {
    "taskid": "fkjsrfhdswmvfsmu",
    "reviewer": "mjagadesh",
    "creator": "anthonylong",
    "project": "project1",
    "submission": "longanthony_4034979_link.html",
    "status": "todo"
  },
  {
    "taskid": "bxoavgovkndepnwi",
    "reviewer": "aidanjamai",
    "creator": "dhatcher1",
    "project": "project1",
    "submission": "hatcherdavid_4211372_link.html",
    "status": "todo"
  },
  {
    "taskid": "fmpgdlbqwwnumudm",
    "reviewer": "aidanjamai",
    "creator": "laharip",
    "project": "project1",
    "submission": "polupartilahari_4216851_link.html",
    "status": "todo"
  },
  {
    "taskid": "ffhaeuvismedgupf",
    "reviewer": "aidanjamai",
    "creator": "karlag1",
    "project": "project1",
    "submission": "galuecolmenareskarla_4215996_link.html",
    "status": "todo"
  },
  {
    "taskid": "wveczybgwqcrkbar",
    "reviewer": "myleskeller",
    "creator": "laharip",
    "project": "project1",
    "submission": "polupartilahari_4216851_link.html",
    "status": "todo"
  },
  {
    "taskid": "oxuziaftxyiacuqd",
    "reviewer": "myleskeller",
    "creator": "mjsumpter",
    "project": "project1",
    "submission": "sumptermatthew_4245789_link.html",
    "status": "todo"
  },
  {
    "taskid": "kemikqbdsrgfoewp",
    "reviewer": "myleskeller",
    "creator": "ggurvis",
    "project": "project1",
    "submission": "gurvisgrant_4218711_link.html",
    "status": "todo"
  },
  {
    "taskid": "oqqtlmzmouscxntb",
    "reviewer": "keshavarz",
    "creator": "kummamuru",
    "project": "project1",
    "submission": "kummamurusrisaisundaraabhishikth_4414269_link.html",
    "status": "todo"
  },
  {
    "taskid": "cxdyildsfqlajnyp",
    "reviewer": "keshavarz",
    "creator": "khalani",
    "project": "project1",
    "submission": "thompsonkhalani_3899513_link.html",
    "status": "todo"
  },
  {
    "taskid": "jaczhozfbogvwoty",
    "reviewer": "keshavarz",
    "creator": "anthonylong",
    "project": "project1",
    "submission": "longanthony_4034979_link.html",
    "status": "todo"
  },
  {
    "taskid": "ybvyqxmlregsgttz",
    "reviewer": "kummamuru",
    "creator": "kthuq",
    "project": "project1",
    "submission": "huqkhandaker_4336219_link.html",
    "status": "todo"
  },
  {
    "taskid": "irgccpxoddkvdajv",
    "reviewer": "kummamuru",
    "creator": "anthonylong",
    "project": "project1",
    "submission": "longanthony_4034979_link.html",
    "status": "todo"
  },
  {
    "taskid": "mfrauaaibfoakhwv",
    "reviewer": "kummamuru",
    "creator": "cgoodwin2",
    "project": "project1",
    "submission": "goodwincurtis_4169189_link.html",
    "status": "todo"
  },
  {
    "taskid": "lqbhaobblqiqlqnh",
    "reviewer": "laishleyb",
    "creator": "ifeanyi1",
    "project": "project1",
    "submission": "chimauchenna_4053020_link.html",
    "status": "todo"
  },
  {
    "taskid": "eqiktbbjrwthcrmf",
    "reviewer": "laishleyb",
    "creator": "tjbrown7",
    "project": "project1",
    "submission": "browntyler_4145990_link.html",
    "status": "todo"
  },
  {
    "taskid": "nqodfmwytzuiugoe",
    "reviewer": "laishleyb",
    "creator": "fmoomtaheen",
    "project": "project1",
    "submission": "moomtaheenfariha_4236072_link.html",
    "status": "todo"
  },
  {
    "taskid": "ryiecnenluattnzh",
    "reviewer": "anthonylong",
    "creator": "mjagadesh",
    "project": "project1",
    "submission": "jagadeshmadhumithaa_4217789_link.html",
    "status": "todo"
  },
  {
    "taskid": "qoyyudqwdnxjcdgw",
    "reviewer": "anthonylong",
    "creator": "mjsumpter",
    "project": "project1",
    "submission": "sumptermatthew_4245789_link.html",
    "status": "todo"
  },
  {
    "taskid": "bbttwvzxfszaxpxd",
    "reviewer": "anthonylong",
    "creator": "nfetisov",
    "project": "project1",
    "submission": "fetisovnikolai_3939130_link.html",
    "status": "todo"
  },
  {
    "taskid": "maekiaqejrzhftnn",
    "reviewer": "bmarcouiller",
    "creator": "ldfields",
    "project": "project1",
    "submission": "fieldslindsay_3944668_link.html",
    "status": "todo"
  },
  {
    "taskid": "ieblgybysxhoywco",
    "reviewer": "bmarcouiller",
    "creator": "akashsingh",
    "project": "project1",
    "submission": "singhakash_4077268_link.html",
    "status": "todo"
  },
  {
    "taskid": "kqtykfbofimogsot",
    "reviewer": "bmarcouiller",
    "creator": "hzbuchalski",
    "project": "project1",
    "submission": "zbuchalskihannah_4147171_link.html",
    "status": "todo"
  },
  {
    "taskid": "xwdpipqkmcmqasdf",
    "reviewer": "jmazzaro",
    "creator": "akashsingh",
    "project": "project1",
    "submission": "singhakash_4077268_link.html",
    "status": "todo"
  },
  {
    "taskid": "irauitiqpqkuhryi",
    "reviewer": "jmazzaro",
    "creator": "jma29",
    "project": "project1",
    "submission": "adornonievesjulio_4479065_link.html",
    "status": "todo"
  },
  {
    "taskid": "rifowkehepoehqsi",
    "reviewer": "jmazzaro",
    "creator": "mjagadesh",
    "project": "project1",
    "submission": "jagadeshmadhumithaa_4217789_link.html",
    "status": "todo"
  },
  {
    "taskid": "galgflegypfjsrio",
    "reviewer": "fmoomtaheen",
    "creator": "dveale",
    "project": "project1",
    "submission": "vealedaniel_4219484_link.html",
    "status": "todo"
  },
  {
    "taskid": "gbrpsdkwyloriitm",
    "reviewer": "fmoomtaheen",
    "creator": "brianbriggs",
    "project": "project1",
    "submission": "briggsbrian_4199766_link.html",
    "status": "todo"
  },
  {
    "taskid": "hhxqzgfxrvmzpscj",
    "reviewer": "fmoomtaheen",
    "creator": "surajbaldeo",
    "project": "project1",
    "submission": "baldeosuraj_4130606_link.html",
    "status": "todo"
  },
  {
    "taskid": "ylksgbwojisoidga",
    "reviewer": "anagi",
    "creator": "ggurvis",
    "project": "project1",
    "submission": "gurvisgrant_4218711_link.html",
    "status": "todo"
  },
  {
    "taskid": "pyeblywiwghnktik",
    "reviewer": "anagi",
    "creator": "parush",
    "project": "project1",
    "submission": "geraparush_4202500_link.html",
    "status": "todo"
  },
  {
    "taskid": "abxgpvpptimdvxob",
    "reviewer": "anagi",
    "creator": "laharip",
    "project": "project1",
    "submission": "polupartilahari_4216851_link.html",
    "status": "todo"
  },
  {
    "taskid": "bqsucxgrpmxhaqce",
    "reviewer": "nandigama",
    "creator": "kinwaing",
    "project": "project1",
    "submission": "nglugokin_4036044_link.html",
    "status": "todo"
  },
  {
    "taskid": "viofhzatbkbiwnyl",
    "reviewer": "nandigama",
    "creator": "npatel385",
    "project": "project1",
    "submission": "patelnikhilkumar_4249852_link.html",
    "status": "todo"
  },
  {
    "taskid": "hsderfhweqifviqa",
    "reviewer": "nandigama",
    "creator": "ifeanyi1",
    "project": "project1",
    "submission": "chimauchenna_4053020_link.html",
    "status": "todo"
  },
  {
    "taskid": "kpnrkbmnkwsvvllk",
    "reviewer": "kinwaing",
    "creator": "proma",
    "project": "project1",
    "submission": "promarifatara_4482471_link.html",
    "status": "todo"
  },
  {
    "taskid": "ltkjdlkwxwfvjjar",
    "reviewer": "kinwaing",
    "creator": "kummamuru",
    "project": "project1",
    "submission": "kummamurusrisaisundaraabhishikth_4414269_link.html",
    "status": "todo"
  },
  {
    "taskid": "bgxocsdpqyokqxst",
    "reviewer": "kinwaing",
    "creator": "elijahelrod",
    "project": "project1",
    "submission": "elrodelijah_4163953_link.html",
    "status": "todo"
  },
  {
    "taskid": "tqbvchlclubgaeoa",
    "reviewer": "npatel385",
    "creator": "scarpenter2",
    "project": "project1",
    "submission": "carpentersarah_4249475_link.html",
    "status": "todo"
  },
  {
    "taskid": "cgtlluondefvsfbf",
    "reviewer": "npatel385",
    "creator": "kinwaing",
    "project": "project1",
    "submission": "nglugokin_4036044_link.html",
    "status": "todo"
  },
  {
    "taskid": "glfszgedtqntkwwp",
    "reviewer": "npatel385",
    "creator": "hme1",
    "project": "project1",
    "submission": "elhamdadihamza_4024902_link.html",
    "status": "todo"
  },
  {
    "taskid": "dkzyzspbxbligdkn",
    "reviewer": "laharip",
    "creator": "parush",
    "project": "project1",
    "submission": "geraparush_4202500_link.html",
    "status": "todo"
  },
  {
    "taskid": "qjbqebiamvpgdabw",
    "reviewer": "laharip",
    "creator": "scarpenter2",
    "project": "project1",
    "submission": "carpentersarah_4249475_link.html",
    "status": "todo"
  },
  {
    "taskid": "fpvaaujdobopqpuq",
    "reviewer": "laharip",
    "creator": "proma",
    "project": "project1",
    "submission": "promarifatara_4482471_link.html",
    "status": "todo"
  },
  {
    "taskid": "nzipewjubhwekhny",
    "reviewer": "proma",
    "creator": "anagi",
    "project": "project1",
    "submission": "nagiayman_4027970_link.html",
    "status": "todo"
  },
  {
    "taskid": "tulnretvkigzbyxs",
    "reviewer": "proma",
    "creator": "keshavarz",
    "project": "project1",
    "submission": "keshavarzseyedmahmoudreza_4161186_link.html",
    "status": "todo"
  },
  {
    "taskid": "wnrjtazgjpxwbwxs",
    "reviewer": "proma",
    "creator": "jma1",
    "project": "project1",
    "submission": "adornonievesjuan_4479167_link.html",
    "status": "todo"
  },
  {
    "taskid": "uizzndlxhhopmfwr",
    "reviewer": "richardson14",
    "creator": "surajbaldeo",
    "project": "project1",
    "submission": "baldeosuraj_4130606_link.html",
    "status": "todo"
  },
  {
    "taskid": "ullshtvreptjwjqx",
    "reviewer": "richardson14",
    "creator": "kinwaing",
    "project": "project1",
    "submission": "nglugokin_4036044_link.html",
    "status": "todo"
  },
  {
    "taskid": "jmjltiuohfniwseu",
    "reviewer": "richardson14",
    "creator": "laharip",
    "project": "project1",
    "submission": "polupartilahari_4216851_link.html",
    "status": "todo"
  },
  {
    "taskid": "huztxivbutgqujcx",
    "reviewer": "akashsingh",
    "creator": "nandigama",
    "project": "project1",
    "submission": "nandigamasaipavan_4331823_link.html",
    "status": "todo"
  },
  {
    "taskid": "ehljqgrzovzdxofi",
    "reviewer": "akashsingh",
    "creator": "laishleyb",
    "project": "project1",
    "submission": "laishleybradley_4127942_link.html",
    "status": "todo"
  },
  {
    "taskid": "dnpqirfyfqcdqtph",
    "reviewer": "akashsingh",
    "creator": "bayatpoora",
    "project": "project1",
    "submission": "bayatpoorali_4255567_link.html",
    "status": "todo"
  },
  {
    "taskid": "psxbveqazbqlsalp",
    "reviewer": "mjsumpter",
    "creator": "karlag1",
    "project": "project1",
    "submission": "galuecolmenareskarla_4215996_link.html",
    "status": "todo"
  },
  {
    "taskid": "biqayhtcsvuncgud",
    "reviewer": "mjsumpter",
    "creator": "akashsingh",
    "project": "project1",
    "submission": "singhakash_4077268_link.html",
    "status": "todo"
  },
  {
    "taskid": "wxsianajnnkitoqw",
    "reviewer": "mjsumpter",
    "creator": "elijahelrod",
    "project": "project1",
    "submission": "elrodelijah_4163953_link.html",
    "status": "todo"
  },
  {
    "taskid": "xprwpxdttonclvlo",
    "reviewer": "khalani",
    "creator": "hme1",
    "project": "project1",
    "submission": "elhamdadihamza_4024902_link.html",
    "status": "todo"
  },
  {
    "taskid": "ljgdacgeqtexdbho",
    "reviewer": "khalani",
    "creator": "jmazzaro",
    "project": "project1",
    "submission": "mazzarojames_4316281_link.html",
    "status": "todo"
  },
  {
    "taskid": "gssnyngieuzotllj",
    "reviewer": "khalani",
    "creator": "fmoomtaheen",
    "project": "project1",
    "submission": "moomtaheenfariha_4236072_link.html",
    "status": "todo"
  },
  {
    "taskid": "hojgvscyckhfairv",
    "reviewer": "ttruong",
    "creator": "elijahelrod",
    "project": "project1",
    "submission": "elrodelijah_4163953_link.html",
    "status": "todo"
  },
  {
    "taskid": "wnrhvqtakvidiyfe",
    "reviewer": "ttruong",
    "creator": "dhatcher1",
    "project": "project1",
    "submission": "hatcherdavid_4211372_link.html",
    "status": "todo"
  },
  {
    "taskid": "vvjknsrxkyqsrysa",
    "reviewer": "ttruong",
    "creator": "nandigama",
    "project": "project1",
    "submission": "nandigamasaipavan_4331823_link.html",
    "status": "todo"
  },
  {
    "taskid": "brftemkaagcmnpqx",
    "reviewer": "dveale",
    "creator": "cgoodwin2",
    "project": "project1",
    "submission": "goodwincurtis_4169189_link.html",
    "status": "todo"
  },
  {
    "taskid": "sbjrhnufxuemimez",
    "reviewer": "dveale",
    "creator": "jma1",
    "project": "project1",
    "submission": "adornonievesjuan_4479167_link.html",
    "status": "todo"
  },
  {
    "taskid": "bexcpjduhkinblej",
    "reviewer": "dveale",
    "creator": "aidanjamai",
    "project": "project1",
    "submission": "jamaiaidan_4154272_link.html",
    "status": "todo"
  },
  {
    "taskid": "eyzndnxsjwbdqoir",
    "reviewer": "hzbuchalski",
    "creator": "surajbaldeo",
    "project": "project1",
    "submission": "baldeosuraj_4130606_link.html",
    "status": "todo"
  },
  {
    "taskid": "wpdusaotvqndldzf",
    "reviewer": "hzbuchalski",
    "creator": "mjsumpter",
    "project": "project1",
    "submission": "sumptermatthew_4245789_link.html",
    "status": "todo"
  },
  {
    "taskid": "uorzkysbeobxatuo",
    "reviewer": "hzbuchalski",
    "creator": "jma1",
    "project": "project1",
    "submission": "adornonievesjuan_4479167_link.html",
    "status": "todo"
  }
]